Workbook

Sheet Instructions to use
A1: 📋 Carrier Booking — VBKREQ Simulator | Instructions to Use
A2: 1. The supplier must complete two sheets — PO Header and PO Lines —
A3: with the PO Number used as the primary key to link both sheets.
A5: 2. All mandatory fields must be completed; otherwise, booking creation will fail.
A6: If a field is unclear or you prefer not to provide a value, leave the default pre-filled value where applicable.
A8: 3. Enter one row per PO in the PO Header sheet. Ensure all mandatory (pink) columns are filled for each PO.
A10: Booking_Group rules:
A11: "Single Booking" → one PO per booking
A12: "Multiple POs-BK001" … "Multiple POs-BK025" → POs with the same code (BK001, BK002 …) are combined into one booking
A13: "Multiple" → all POs are combined into a single booking
A15: 4. Dates must be in DD/MM/YYYY format.
A17: 5. Factory details (ID, name, address) and Mode of Transport are sourced automatically from Databricks — no need to provide them in this template.
... A28: ⚠ Do NOT modify or delete column headers on any sheet.

Sheet CARTON_LOOKUP
A1: Carton_Type | B1: Weight_KG | C1: Length_cm | D1: Width_cm | E1: Height_cm
A2: BDCM1 | B2: 1.4 | C2: 60 | D2: 30 | E2: 40
A3: BDCM3 | B3: 1 | C3: 45 | D3: 29.5 | E3: 18.8
A4: C5 | B4: 1 | C4: 60 | D4: 30 | E4: 20
A5: Cartons | B5: 1 | C5: 45 | D5: 60 | E5: 40
A6: A1 | B6: 1 | C6: 59.5 | D6: 28.5 | E6: 37.5
A7: A2 | B7: 1 | C7: 59.5 | D7: 28.5 | E7: 32.5
A8: A3 | B8: 1 | C8: 59.5 | D8: 28.5 | E8: 26
A9: A4 | B9: 1 | C9: 59.5 | D9: 28.5 | E9: 19
A10: B1 | B10: 1 | C10: 52 | D10: 25.5 | E10: 37.5
A11: B2 | B11: 1 | C11: 52 | D11: 25.5 | E11: 32.5
A12: B3 | B12: 1 | C12: 52 | D12: 25.5 | E12: 26
A13: B4 | B13: 1 | C13: 52 | D13: 25.5 | E13: 19
... A18: Hanging | B18: 0.7 | C18: 213 | D18: 94 | E18: 60
A19: Hanging Non-Standard
A20: Non-Standard

Sheet LISTS_LOOKUP
A1: Booking_Group
A2: Single Booking
A3: Multiple POs-BK001
A4: Multiple POs-BK002
A5: Multiple POs-BK003
A6: Multiple POs-BK004
A7: Multiple POs-BK005
A8: Multiple POs-BK006
A9: Multiple POs-BK007
A10: Multiple POs-BK008
A11: Multiple POs-BK009
A12: Multiple POs-BK010
... A28: Multiple

Sheet PO Header
A1: Mandatory — must be filled | B1: Defaulted — editable preset | C1: Pre-filled — auto from lookup | D1: Optional — leave blank if n/a
A2: PO_Number | B2: Cargo_Ready_Planned_Collection_Date | C2: Carrier_Booking_Request_Date | D2: Traffic_Mode | E2: Booking_Group | F2: Pack_Type | G2: Collection_Type | H2: Hazardous | I2: Collection_Time (HH:MM) | J2: Remarks
D3: CFS | E3: Single Booking | F3: Bulk Flat | G3: Delivery | H3: N/A
D4: CFS | E4: Single Booking | F4: Bulk Flat | G4: Delivery | H4: N/A
D5: CFS | E5: Single Booking | F5: Bulk Flat | G5: Delivery | H5: N/A
D6: CFS | E6: Single Booking | F6: Bulk Flat | G6: Delivery | H6: N/A
D7: CFS | E7: Single Booking | F7: Bulk Flat | G7: Delivery | H7: N/A
D8: CFS | E8: Single Booking | F8: Bulk Flat | G8: Delivery | H8: N/A
D9: CFS | E9: Single Booking | F9: Bulk Flat | G9: Delivery | H9: N/A
D10: CFS | E10: Single Booking | F10: Bulk Flat | G10: Delivery | H10: N/A
D11: CFS | E11: Single Booking | F11: Bulk Flat | G11: Delivery | H11: N/A
D12: CFS | E12: Single Booking | F12: Bulk Flat | G12: Delivery | H12: N/A
D13: CFS | E13: Single Booking | F13: Bulk Flat | G13: Delivery | H13: N/A
D14: CFS | E14: Single Booking | F14: Bulk Flat | G14: Delivery | H14: N/A
... D502: CFS | E502: Single Booking | F502: Bulk Flat | G502: Delivery | H502: N/A

Sheet PO Lines
A1: Mandatory — must be filled | B1: Defaulted — editable preset | C1: Pre-filled — auto from lookup | D1: Optional — leave blank if n/a
A2: PO_Number | B2: SKU | C2: Booking_Qty | D2: No_of_Cartons | E2: Unit_Weight_KG | F2: Carton_Type | G2: Carton_Length_cm | H2: Carton_Width_cm | I2: Carton_Height_cm | J2: Carton_Weight_KG | K2: Gross_Weight_KG | L2: Net_Weight_KG | M2: Volume_M3 | N2: EAN_Barcode | O2: Colour_Code | P2: Size_Code
F3: BDCM1 | G3: =IFERROR(VLOOKUP(F3,CARTON_LOOKUP!$A:$E,3,0),"") | H3: =IFERROR(VLOOKUP(F3,CARTON_LOOKUP!$A:$E,4,0),"") | I3: =IFERROR(VLOOKUP(F3,CARTON_LOOKUP!$A:$E,5,0),"") | J3: =IFERROR(VLOOKUP(F3,CARTON_LOOKUP!$A:$E,2,0),"") | K3: =IFERROR(J3*D3,0) | L3: =IFERROR(E3*C3,0) | M3: =IFERROR((G3*H3*I3/1000000)*D3,0)
F4: BDCM1 | G4: =IFERROR(VLOOKUP(F4,CARTON_LOOKUP!$A:$E,3,0),"") | H4: =IFERROR(VLOOKUP(F4,CARTON_LOOKUP!$A:$E,4,0),"") | I4: =IFERROR(VLOOKUP(F4,CARTON_LOOKUP!$A:$E,5,0),"") | J4: =IFERROR(VLOOKUP(F4,CARTON_LOOKUP!$A:$E,2,0),"") | K4: =IFERROR(J4*D4,0) | L4: =IFERROR(E4*C4,0) | M4: =IFERROR((G4*H4*I4/1000000)*D4,0)
F5: BDCM1 | G5: =IFERROR(VLOOKUP(F5,CARTON_LOOKUP!$A:$E,3,0),"") | H5: =IFERROR(VLOOKUP(F5,CARTON_LOOKUP!$A:$E,4,0),"") | I5: =IFERROR(VLOOKUP(F5,CARTON_LOOKUP!$A:$E,5,0),"") | J5: =IFERROR(VLOOKUP(F5,CARTON_LOOKUP!$A:$E,2,0),"") | K5: =IFERROR(J5*D5,0) | L5: =IFERROR(E5*C5,0) | M5: =IFERROR((G5*H5*I5/1000000)*D5,0)
F6: BDCM1 | G6: =IFERROR(VLOOKUP(F6,CARTON_LOOKUP!$A:$E,3,0),"") | H6: =IFERROR(VLOOKUP(F6,CARTON_LOOKUP!$A:$E,4,0),"") | I6: =IFERROR(VLOOKUP(F6,CARTON_LOOKUP!$A:$E,5,0),"") | J6: =IFERROR(VLOOKUP(F6,CARTON_LOOKUP!$A:$E,2,0),"") | K6: =IFERROR(J6*D6,0) | L6: =IFERROR(E6*C6,0) | M6: =IFERROR((G6*H6*I6/1000000)*D6,0)
F7: BDCM1 | G7: =IFERROR(VLOOKUP(F7,CARTON_LOOKUP!$A:$E,3,0),"") | H7: =IFERROR(VLOOKUP(F7,CARTON_LOOKUP!$A:$E,4,0),"") | I7: =IFERROR(VLOOKUP(F7,CARTON_LOOKUP!$A:$E,5,0),"") | J7: =IFERROR(VLOOKUP(F7,CARTON_LOOKUP!$A:$E,2,0),"") | K7: =IFERROR(J7*D7,0) | L7: =IFERROR(E7*C7,0) | M7: =IFERROR((G7*H7*I7/1000000)*D7,0)
F8: BDCM1 | G8: =IFERROR(VLOOKUP(F8,CARTON_LOOKUP!$A:$E,3,0),"") | H8: =IFERROR(VLOOKUP(F8,CARTON_LOOKUP!$A:$E,4,0),"") | I8: =IFERROR(VLOOKUP(F8,CARTON_LOOKUP!$A:$E,5,0),"") | J8: =IFERROR(VLOOKUP(F8,CARTON_LOOKUP!$A:$E,2,0),"") | K8: =IFERROR(J8*D8,0) | L8: =IFERROR(E8*C8,0) | M8: =IFERROR((G8*H8*I8/1000000)*D8,0)
F9: BDCM1 | G9: =IFERROR(VLOOKUP(F9,CARTON_LOOKUP!$A:$E,3,0),"") | H9: =IFERROR(VLOOKUP(F9,CARTON_LOOKUP!$A:$E,4,0),"") | I9: =IFERROR(VLOOKUP(F9,CARTON_LOOKUP!$A:$E,5,0),"") | J9: =IFERROR(VLOOKUP(F9,CARTON_LOOKUP!$A:$E,2,0),"") | K9: =IFERROR(J9*D9,0) | L9: =IFERROR(E9*C9,0) | M9: =IFERROR((G9*H9*I9/1000000)*D9,0)
F10: BDCM1 | G10: =IFERROR(VLOOKUP(F10,CARTON_LOOKUP!$A:$E,3,0),"") | H10: =IFERROR(VLOOKUP(F10,CARTON_LOOKUP!$A:$E,4,0),"") | I10: =IFERROR(VLOOKUP(F10,CARTON_LOOKUP!$A:$E,5,0),"") | J10: =IFERROR(VLOOKUP(F10,CARTON_LOOKUP!$A:$E,2,0),"") | K10: =IFERROR(J10*D10,0) | L10: =IFERROR(E10*C10,0) | M10: =IFERROR((G10*H10*I10/1000000)*D10,0)
F11: BDCM1 | G11: =IFERROR(VLOOKUP(F11,CARTON_LOOKUP!$A:$E,3,0),"") | H11: =IFERROR(VLOOKUP(F11,CARTON_LOOKUP!$A:$E,4,0),"") | I11: =IFERROR(VLOOKUP(F11,CARTON_LOOKUP!$A:$E,5,0),"") | J11: =IFERROR(VLOOKUP(F11,CARTON_LOOKUP!$A:$E,2,0),"") | K11: =IFERROR(J11*D11,0) | L11: =IFERROR(E11*C11,0) | M11: =IFERROR((G11*H11*I11/1000000)*D11,0)
F12: BDCM1 | G12: =IFERROR(VLOOKUP(F12,CARTON_LOOKUP!$A:$E,3,0),"") | H12: =IFERROR(VLOOKUP(F12,CARTON_LOOKUP!$A:$E,4,0),"") | I12: =IFERROR(VLOOKUP(F12,CARTON_LOOKUP!$A:$E,5,0),"") | J12: =IFERROR(VLOOKUP(F12,CARTON_LOOKUP!$A:$E,2,0),"") | K12: =IFERROR(J12*D12,0) | L12: =IFERROR(E12*C12,0) | M12: =IFERROR((G12*H12*I12/1000000)*D12,0)
F13: BDCM1 | G13: =IFERROR(VLOOKUP(F13,CARTON_LOOKUP!$A:$E,3,0),"") | H13: =IFERROR(VLOOKUP(F13,CARTON_LOOKUP!$A:$E,4,0),"") | I13: =IFERROR(VLOOKUP(F13,CARTON_LOOKUP!$A:$E,5,0),"") | J13: =IFERROR(VLOOKUP(F13,CARTON_LOOKUP!$A:$E,2,0),"") | K13: =IFERROR(J13*D13,0) | L13: =IFERROR(E13*C13,0) | M13: =IFERROR((G13*H13*I13/1000000)*D13,0)
F14: BDCM1 | G14: =IFERROR(VLOOKUP(F14,CARTON_LOOKUP!$A:$E,3,0),"") | H14: =IFERROR(VLOOKUP(F14,CARTON_LOOKUP!$A:$E,4,0),"") | I14: =IFERROR(VLOOKUP(F14,CARTON_LOOKUP!$A:$E,5,0),"") | J14: =IFERROR(VLOOKUP(F14,CARTON_LOOKUP!$A:$E,2,0),"") | K14: =IFERROR(J14*D14,0) | L14: =IFERROR(E14*C14,0) | M14: =IFERROR((G14*H14*I14/1000000)*D14,0)
... F10002: BDCM1 | G10002: =IFERROR(VLOOKUP(F10002,CARTON_LOOKUP!$A:$E,3,0),"") | H10002: =IFERROR(VLOOKUP(F10002,CARTON_LOOKUP!$A:$E,4,0),"") | I10002: =IFERROR(VLOOKUP(F10002,CARTON_LOOKUP!$A:$E,5,0),"") | J10002: =IFERROR(VLOOKUP(F10002,CARTON_LOOKUP!$A:$E,2,0),"") | K10002: =IFERROR(J10002*D10002,0) | L10002: =IFERROR(E10002*C10002,0) | M10002: =IFERROR((G10002*H10002*I10002/1000000)*D10002,0)
