Workbook

Sheet Instructions to use
A1: 📋 Carrier Booking — VBKREQ Simulator | Instructions to Use
A2: 1. Fill in one row per PO in the PO Header sheet and email the file to the ASOS L&D Inbound team: InboundService@asos.com
A4: 2. MANDATORY fields (pink/red columns) — must be filled for every PO row:
A5: • PO_Number
A6: • Cargo_Ready_Planned_Collection_Date (DD/MM/YYYY)
A7: • Carrier_Booking_Request_Date (DD/MM/YYYY)
A8: • Total booked units of a booking (total units for the booking — maps to VBKREQ header BKQ measure)
A9: • Total no. of Cartons of booking (whole number > 0)
A11: 3. DEFAULTED fields (green columns) — pre-filled with sensible values; update only if different for your shipment:
A12: • Booking_Group = Single Booking (see Booking_Group rules below — change if grouping POs into one booking)
A13: • Total items weight of booking = 0.21 (kg per individual unit/garment — update if different for your shipment)
A14: • Carton_Type = BDCM1 (select from dropdown if different)
... A35: ⚠ Do NOT rename, move, or delete column headers in the PO Header sheet.

Sheet CARTON_LOOKUP
A1: Carton_Type | B1: Weight_KG | C1: Length_cm | D1: Width_cm | E1: Height_cm
A2: BDCM1 | B2: 1.4 | C2: 60 | D2: 30 | E2: 40
A3: BDCM3 | B3: 1 | C3: 45 | D3: 29.5 | E3: 18.8
A4: C5 | B4: 1 | C4: 60 | D4: 30 | E4: 20
A5: Cartons | B5: 1 | C5: 45 | D5: 60 | E5: 40
A6: A1 | B6: 1 | C6: 59.5 | D6: 28.5 | E6: 37.5
A7: A2 | B7: 1 | C7: 59.5 | D7: 28.5 | E7: 32.5
A8: A3 | B8: 1 | C8: 59.5 | D8: 28.5 | E8: 26
A9: A4 | B9: 1 | C9: 59.5 | D9: 28.5 | E9: 19
A10: B1 | B10: 1 | C10: 52 | D10: 25.5 | E10: 37.5
A11: B2 | B11: 1 | C11: 52 | D11: 25.5 | E11: 32.5
A12: B3 | B12: 1 | C12: 52 | D12: 25.5 | E12: 26
A13: B4 | B13: 1 | C13: 52 | D13: 25.5 | E13: 19
... A18: Hanging | B18: 0.7 | C18: 213 | D18: 94 | E18: 60
A19: Hanging Non-Standard
A20: Non-Standard

Sheet LISTS_LOOKUP
A1: Booking_Group
A2: Single Booking
A3: Multiple POs-BK001
A4: Multiple POs-BK002
A5: Multiple POs-BK003
A6: Multiple POs-BK004
A7: Multiple POs-BK005
A8: Multiple POs-BK006
A9: Multiple POs-BK007
A10: Multiple POs-BK008
A11: Multiple POs-BK009
A12: Multiple POs-BK010
... A28: Multiple

Sheet PO Header
A1: ◀ MANDATORY — must be completed ▶ | F1: ◀ AUTO-FILLED — from Carton_Type lookup ▶ | J1: ◀ DEFAULTED — pre-filled, editable ▶ | Q1: ◀ OPTIONAL — leave blank if not needed ▶
A2: PO_Number | B2: Cargo_Ready_Planned_Collection_Date | C2: Carrier_Booking_Request_Date | D2: Total booked units of a booking | E2: Total no. of Cartons of booking | F2: Carton_Length_cm | G2: Carton_Width_cm | H2: Carton_Height_cm | I2: Carton_Weight_KG | J2: Booking_Group | K2: Total items weight of booking | L2: Carton_Type | M2: Pack_Type | N2: Collection_Type | O2: Hazardous | P2: Traffic_Mode | Q2: Collection_Time (HH:MM) | R2: Remarks
F3: =IFERROR(VLOOKUP(L3,CARTON_LOOKUP!$A:$E,3,0),"") | G3: =IFERROR(VLOOKUP(L3,CARTON_LOOKUP!$A:$E,4,0),"") | H3: =IFERROR(VLOOKUP(L3,CARTON_LOOKUP!$A:$E,5,0),"") | I3: =IFERROR(VLOOKUP(L3,CARTON_LOOKUP!$A:$E,2,0),"") | J3: Single Booking | K3: 0.21 | L3: BDCM1 | M3: Bulk Flat | N3: Delivery | O3: N/A | P3: CFS
F4: =IFERROR(VLOOKUP(L4,CARTON_LOOKUP!$A:$E,3,0),"") | G4: =IFERROR(VLOOKUP(L4,CARTON_LOOKUP!$A:$E,4,0),"") | H4: =IFERROR(VLOOKUP(L4,CARTON_LOOKUP!$A:$E,5,0),"") | I4: =IFERROR(VLOOKUP(L4,CARTON_LOOKUP!$A:$E,2,0),"") | J4: Single Booking | K4: 0.21 | L4: BDCM1 | M4: Bulk Flat | N4: Delivery | O4: N/A | P4: CFS
F5: =IFERROR(VLOOKUP(L5,CARTON_LOOKUP!$A:$E,3,0),"") | G5: =IFERROR(VLOOKUP(L5,CARTON_LOOKUP!$A:$E,4,0),"") | H5: =IFERROR(VLOOKUP(L5,CARTON_LOOKUP!$A:$E,5,0),"") | I5: =IFERROR(VLOOKUP(L5,CARTON_LOOKUP!$A:$E,2,0),"") | J5: Single Booking | K5: 0.21 | L5: BDCM1 | M5: Bulk Flat | N5: Delivery | O5: N/A | P5: CFS
F6: =IFERROR(VLOOKUP(L6,CARTON_LOOKUP!$A:$E,3,0),"") | G6: =IFERROR(VLOOKUP(L6,CARTON_LOOKUP!$A:$E,4,0),"") | H6: =IFERROR(VLOOKUP(L6,CARTON_LOOKUP!$A:$E,5,0),"") | I6: =IFERROR(VLOOKUP(L6,CARTON_LOOKUP!$A:$E,2,0),"") | J6: Single Booking | K6: 0.21 | L6: BDCM1 | M6: Bulk Flat | N6: Delivery | O6: N/A | P6: CFS
F7: =IFERROR(VLOOKUP(L7,CARTON_LOOKUP!$A:$E,3,0),"") | G7: =IFERROR(VLOOKUP(L7,CARTON_LOOKUP!$A:$E,4,0),"") | H7: =IFERROR(VLOOKUP(L7,CARTON_LOOKUP!$A:$E,5,0),"") | I7: =IFERROR(VLOOKUP(L7,CARTON_LOOKUP!$A:$E,2,0),"") | J7: Single Booking | K7: 0.21 | L7: BDCM1 | M7: Bulk Flat | N7: Delivery | O7: N/A | P7: CFS
F8: =IFERROR(VLOOKUP(L8,CARTON_LOOKUP!$A:$E,3,0),"") | G8: =IFERROR(VLOOKUP(L8,CARTON_LOOKUP!$A:$E,4,0),"") | H8: =IFERROR(VLOOKUP(L8,CARTON_LOOKUP!$A:$E,5,0),"") | I8: =IFERROR(VLOOKUP(L8,CARTON_LOOKUP!$A:$E,2,0),"") | J8: Single Booking | K8: 0.21 | L8: BDCM1 | M8: Bulk Flat | N8: Delivery | O8: N/A | P8: CFS
F9: =IFERROR(VLOOKUP(L9,CARTON_LOOKUP!$A:$E,3,0),"") | G9: =IFERROR(VLOOKUP(L9,CARTON_LOOKUP!$A:$E,4,0),"") | H9: =IFERROR(VLOOKUP(L9,CARTON_LOOKUP!$A:$E,5,0),"") | I9: =IFERROR(VLOOKUP(L9,CARTON_LOOKUP!$A:$E,2,0),"") | J9: Single Booking | K9: 0.21 | L9: BDCM1 | M9: Bulk Flat | N9: Delivery | O9: N/A | P9: CFS
F10: =IFERROR(VLOOKUP(L10,CARTON_LOOKUP!$A:$E,3,0),"") | G10: =IFERROR(VLOOKUP(L10,CARTON_LOOKUP!$A:$E,4,0),"") | H10: =IFERROR(VLOOKUP(L10,CARTON_LOOKUP!$A:$E,5,0),"") | I10: =IFERROR(VLOOKUP(L10,CARTON_LOOKUP!$A:$E,2,0),"") | J10: Single Booking | K10: 0.21 | L10: BDCM1 | M10: Bulk Flat | N10: Delivery | O10: N/A | P10: CFS
F11: =IFERROR(VLOOKUP(L11,CARTON_LOOKUP!$A:$E,3,0),"") | G11: =IFERROR(VLOOKUP(L11,CARTON_LOOKUP!$A:$E,4,0),"") | H11: =IFERROR(VLOOKUP(L11,CARTON_LOOKUP!$A:$E,5,0),"") | I11: =IFERROR(VLOOKUP(L11,CARTON_LOOKUP!$A:$E,2,0),"") | J11: Single Booking | K11: 0.21 | L11: BDCM1 | M11: Bulk Flat | N11: Delivery | O11: N/A | P11: CFS
F12: =IFERROR(VLOOKUP(L12,CARTON_LOOKUP!$A:$E,3,0),"") | G12: =IFERROR(VLOOKUP(L12,CARTON_LOOKUP!$A:$E,4,0),"") | H12: =IFERROR(VLOOKUP(L12,CARTON_LOOKUP!$A:$E,5,0),"") | I12: =IFERROR(VLOOKUP(L12,CARTON_LOOKUP!$A:$E,2,0),"") | J12: Single Booking | K12: 0.21 | L12: BDCM1 | M12: Bulk Flat | N12: Delivery | O12: N/A | P12: CFS
F13: =IFERROR(VLOOKUP(L13,CARTON_LOOKUP!$A:$E,3,0),"") | G13: =IFERROR(VLOOKUP(L13,CARTON_LOOKUP!$A:$E,4,0),"") | H13: =IFERROR(VLOOKUP(L13,CARTON_LOOKUP!$A:$E,5,0),"") | I13: =IFERROR(VLOOKUP(L13,CARTON_LOOKUP!$A:$E,2,0),"") | J13: Single Booking | K13: 0.21 | L13: BDCM1 | M13: Bulk Flat | N13: Delivery | O13: N/A | P13: CFS
F14: =IFERROR(VLOOKUP(L14,CARTON_LOOKUP!$A:$E,3,0),"") | G14: =IFERROR(VLOOKUP(L14,CARTON_LOOKUP!$A:$E,4,0),"") | H14: =IFERROR(VLOOKUP(L14,CARTON_LOOKUP!$A:$E,5,0),"") | I14: =IFERROR(VLOOKUP(L14,CARTON_LOOKUP!$A:$E,2,0),"") | J14: Single Booking | K14: 0.21 | L14: BDCM1 | M14: Bulk Flat | N14: Delivery | O14: N/A | P14: CFS
... F502: =IFERROR(VLOOKUP(L502,CARTON_LOOKUP!$A:$E,3,0),"") | G502: =IFERROR(VLOOKUP(L502,CARTON_LOOKUP!$A:$E,4,0),"") | H502: =IFERROR(VLOOKUP(L502,CARTON_LOOKUP!$A:$E,5,0),"") | I502: =IFERROR(VLOOKUP(L502,CARTON_LOOKUP!$A:$E,2,0),"") | J502: Single Booking | K502: 0.21 | L502: BDCM1 | M502: Bulk Flat | N502: Delivery | O502: N/A | P502: CFS
